<?xml version="1.0" encoding="UTF-8"?>
<project-private xmlns="http://www.netbeans.org/ns/project-private/1">
    <editor-bookmarks xmlns="http://www.netbeans.org/ns/editor-bookmarks/2" lastBookmarkId="0"/>
    <open-files xmlns="http://www.netbeans.org/ns/projectui-open-files/2">
        <group>
            <file>file:/C:/xampp/htdocs/softwareAssist/header.php</file>
            <file>file:/C:/xampp/htdocs/softwareAssist/db/delete.php</file>
            <file>file:/C:/xampp/htdocs/softwareAssist/all_articles.php</file>
            <file>file:/C:/xampp/htdocs/softwareAssist/login.php</file>
            <file>file:/C:/xampp/htdocs/softwareAssist/myprofile.php</file>
            <file>file:/C:/xampp/htdocs/softwareAssist/db/insert_new_user_personal.php</file>
            <file>file:/C:/xampp/htdocs/softwareAssist/db/new_com.php</file>
            <file>file:/C:/xampp/htdocs/softwareAssist/all_questions.php</file>
            <file>file:/C:/xampp/htdocs/softwareAssist/sidebar.php</file>
            <file>file:/C:/xampp/htdocs/softwareAssist/db/update_question.php</file>
            <file>file:/C:/xampp/htdocs/softwareAssist/db/insert_new_question.php</file>
            <file>file:/C:/xampp/htdocs/softwareAssist/myarticales.php</file>
            <file>file:/C:/xampp/htdocs/softwareAssist/db/delete1.php</file>
            <file>file:/C:/xampp/htdocs/softwareAssist/db/new_ans.php</file>
            <file>file:/C:/xampp/htdocs/softwareAssist/logout.php</file>
            <file>file:/C:/xampp/htdocs/softwareAssist/myquestions.php</file>
            <file>file:/C:/xampp/htdocs/softwareAssist/db/update_user_personal.php</file>
            <file>file:/C:/xampp/htdocs/softwareAssist/db/insert_new_artical.php</file>
            <file>file:/C:/xampp/htdocs/softwareAssist/db/update_artical.php</file>
        </group>
    </open-files>
</project-private>
